{
  "Fernando Mendoza": {
    "american_odds": 10000,
    "implied_prob": 0.009900990099009901
  },
  "Arvell Reese": {
    "american_odds": 10000,
    "implied_prob": 0.009900990099009901
  },
  "David Bailey": {
    "american_odds": 160,
    "implied_prob": 0.38461538461538464
  },
  "Jeremiyah Love": {
    "american_odds": 800,
    "implied_prob": 0.1111111111111111
  },
  "Ty Simpson": {
    "american_odds": 10000,
    "implied_prob": 0.009900990099009901
  }
}