{
  "Fernando Mendoza": {
    "american_odds": 6500,
    "implied_prob": 0.015151515151515152
  },
  "Arvell Reese": {
    "american_odds": 120,
    "implied_prob": 0.45454545454545453
  },
  "David Bailey": {
    "american_odds": 120,
    "implied_prob": 0.45454545454545453
  },
  "Jeremiyah Love": {
    "american_odds": -115,
    "implied_prob": 0.5348837209302325
  },
  "Sonny Styles": {
    "american_odds": 120,
    "implied_prob": 0.45454545454545453
  },
  "Francis Mauigoa": {
    "american_odds": 125,
    "implied_prob": 0.4444444444444444
  },
  "Carnell Tate": {
    "american_odds": 9000,
    "implied_prob": 0.01098901098901099
  },
  "Caleb Downs": {
    "american_odds": 6500,
    "implied_prob": 0.015151515151515152
  },
  "Rueben Bain": {
    "american_odds": 120,
    "implied_prob": 0.45454545454545453
  },
  "Mansoor Delane": {
    "american_odds": 3500,
    "implied_prob": 0.027777777777777776
  },
  "Spencer Fano": {
    "american_odds": 1100,
    "implied_prob": 0.08333333333333333
  },
  "Makai Lemon": {
    "american_odds": 7000,
    "implied_prob": 0.014084507042253521
  },
  "Monroe Freeling": {
    "american_odds": 1600,
    "implied_prob": 0.058823529411764705
  },
  "Jermod McCoy": {
    "american_odds": 4000,
    "implied_prob": 0.024390243902439025
  },
  "Jordyn Tyson": {
    "american_odds": 2800,
    "implied_prob": 0.034482758620689655
  },
  "Olaivavega Ioane": {
    "american_odds": 6500,
    "implied_prob": 0.015151515151515152
  },
  "Kenyon Sadiq": {
    "american_odds": 4500,
    "implied_prob": 0.021739130434782608
  },
  "Dillon Thieneman": {
    "american_odds": 4000,
    "implied_prob": 0.024390243902439025
  },
  "Kadyn Proctor": {
    "american_odds": 4000,
    "implied_prob": 0.024390243902439025
  },
  "Keldric Faulk": {
    "american_odds": 5000,
    "implied_prob": 0.0196078431372549
  },
  "Omar Cooper Jr.": {
    "american_odds": 2800,
    "implied_prob": 0.034482758620689655
  },
  "Blake Miller": {
    "american_odds": 7000,
    "implied_prob": 0.014084507042253521
  },
  "Caleb Lomu": {
    "american_odds": 7500,
    "implied_prob": 0.013157894736842105
  },
  "T.J. Parker": {
    "american_odds": 3500,
    "implied_prob": 0.027777777777777776
  },
  "Peter Woods": {
    "american_odds": 4500,
    "implied_prob": 0.021739130434782608
  },
  "Cashius Howell": {
    "american_odds": 6000,
    "implied_prob": 0.01639344262295082
  },
  "Ty Simpson": {
    "american_odds": 3000,
    "implied_prob": 0.03225806451612903
  },
  "Colton Hood": {
    "american_odds": 5000,
    "implied_prob": 0.0196078431372549
  }
}